{
  "dayNight": {
    "paused": true,
    "timeOfDay": 0.25699999928474426,
    "tuning": {
      "aoStrength": 0.14000000059604645,
      "cycleDurationSeconds": 270.072998046875,
      "dayFog": {
        "x": 0.29901963472366333,
        "y": 0.6764708757400513,
        "z": 1.0
      },
      "dayGround": {
        "x": 0.6000000238418579,
        "y": 0.47999998927116394,
        "z": 0.36000001430511475
      },
      "dayShadow": {
        "x": 0.7799999713897705,
        "y": 0.8600000143051147,
        "z": 1.0
      },
      "daySkyHorizon": {
        "x": 0.9599999785423279,
        "y": 0.9700000286102295,
        "z": 1.0
      },
      "daySkyZenith": {
        "x": 0.5799999833106995,
        "y": 0.800000011920929,
        "z": 1.0
      },
      "daySun": {
        "x": 1.1799999475479126,
        "y": 1.059999942779541,
        "z": 0.9200000166893005
      },
      "dayWaterDeep": {
        "x": 0.11999999731779099,
        "y": 0.3400000035762787,
        "z": 0.5799999833106995
      },
      "dayWaterShallow": {
        "x": 0.41999998688697815,
        "y": 0.8199999928474426,
        "z": 0.949999988079071
      },
      "duskFog": {
        "x": 0.9754902124404907,
        "y": 0.5626601576805115,
        "z": 0.40645426511764526
      },
      "duskSkyHorizon": {
        "x": 1.0,
        "y": 0.6914027333259583,
        "z": 0.5441176891326904
      },
      "hemiStrength": 0.7649999856948853,
      "localLightStrength": 1.2309999465942383,
      "nightFog": {
        "x": 0.05999999865889549,
        "y": 0.10000000149011612,
        "z": 0.18000000715255737
      },
      "nightGround": {
        "x": 0.10000000149011612,
        "y": 0.07999999821186066,
        "z": 0.10999999940395355
      },
      "nightMoon": {
        "x": 0.3400000035762787,
        "y": 0.41999998688697815,
        "z": 0.6200000047683716
      },
      "nightShadow": {
        "x": 0.14000000059604645,
        "y": 0.18000000715255737,
        "z": 0.30000001192092896
      },
      "nightSkyHorizon": {
        "x": 0.10000000149011612,
        "y": 0.07999999821186066,
        "z": 0.1599999964237213
      },
      "nightSkyZenith": {
        "x": 0.029999999329447746,
        "y": 0.05000000074505806,
        "z": 0.10999999940395355
      },
      "nightSun": {
        "x": 0.5,
        "y": 0.5600000023841858,
        "z": 0.8199999928474426
      },
      "nightWaterDeep": {
        "x": 0.019999999552965164,
        "y": 0.05000000074505806,
        "z": 0.10000000149011612
      },
      "nightWaterShallow": {
        "x": 0.10000000149011612,
        "y": 0.2199999988079071,
        "z": 0.30000001192092896
      },
      "shadowFloor": 0.6129999756813049,
      "shadowStrength": 2.319000005722046,
      "skylightStrength": 1.1399999856948853,
      "waterFogStrength": 0.8550000190734863
    }
  },
  "debug": {
    "showChunkBoundaries": false
  },
  "version": 1,
  "world": {
    "ambientOcclusionEnabled": false,
    "viewDistance": 20
  }
}
